id,fabricante,modelo,potencia_wp,voc_v,isc_a,vmp_v,imp_a,eficiencia_pct,preco_brl,fornecedor,data_coleta,url_fonte,fonte_especificacao,status_validacao
FV001,Canadian Solar,CS6W-545MS,545,49.2,13.95,41.5,13.14,21.3,1726.48,Loja Elétrica,2026-10-01,https://www.lojaeletrica.com.br/painel-solar-545w-41-5v-13-1a-144-celulas-monocristalino-canadian.html,Página do fornecedor + datasheet Canadian HiKu6,OK_PAGINA
FV002,Canadian Solar,CS6.2-66TB-610 (TOPHiKu6 bifacial),610,48.4,16.0,40.5,15.07,22.6,759.00,Minha Casa Solar,2026-10-01,https://www.minhacasasolar.com.br/painel-solar-canadian-610w-monocristalino-half-cell-bifacial-cs6-2-66tb-83336,Datasheet Canadian TOPHiKu6 CS6.2-66TB,CONFERIR_DATASHEET
FV003,OSDA,ODA610-33V-MHDRZ (bifacial),610,48.5,15.95,40.46,15.08,22.6,705.00,Minha Casa Solar,2026-10-01,https://www.minhacasasolar.com.br/painel-solar,Página do fornecedor + datasheet OSDA,CONFERIR_DATASHEET
FV004,Honor,HY-M12/132H-700,700,47.6,18.6,40.0,17.5,21.28,949.00,Minha Casa Solar,2026-10-01,https://www.minhacasasolar.com.br/painel-solar,Página do fornecedor + datasheet Honor,CONFERIR_DATASHEET
FV005,Risen Energy,RSM40-8-405M,405,37.31,13.87,31.05,13.05,21.1,599.00,Minha Casa Solar,2026-10-01,https://www.minhacasasolar.com.br/painel-solar-monocristalino-405w-half-cell-risen-rsm40-8-405m-82150,Página do fornecedor + datasheet Risen,CONFERIR_DATASHEET
FV006,Trina Solar,TSM-405DE09 (Vertex S),405,41.2,12.57,34.2,11.85,21.1,590.32,Minha Casa Solar,2026-10-01,https://www.minhacasasolar.com.br/painel-solar-405w-monocristalino-half-cell-trina-solar-tsm-405de09-82174,Datasheet Trina Vertex S TSM-DE09,CONFERIR_DATASHEET
FV007,OSDA,ODA550-36V-MH,550,49.9,14.02,41.8,13.16,21.3,869.00,Mercado Livre,2026-10-01,https://lista.mercadolivre.com.br/painel-solar-risen-550w,Datasheet OSDA ODA550-36V-MH,CONFERIR_DATASHEET
FV008,Jinko Solar,JKM555M-72HL4-V (Tiger Pro),555,50.27,14.01,41.84,13.27,21.48,999.85,Mercado Livre,2026-10-01,https://lista.mercadolivre.com.br/painel-solar-320w-jinko-solar,Datasheet Jinko Tiger Pro 72HC,CONFERIR_DATASHEET
FV009,Jinko Solar,JKM620N-66HL4M-BDV (Tiger Neo),620,48.84,16.09,40.87,15.17,22.95,1299.00,Mercado Livre,2026-10-01,https://lista.mercadolivre.com.br/painel-solar-320w-jinko-solar,Datasheet Jinko Tiger Neo 66HL4M-BDV,CONFERIR_DATASHEET
FV010,Canadian Solar,CS6W-550MS (HiKu6),550,49.6,14.00,41.7,13.20,21.5,589.00,Minha Casa Solar,2026-10-01,https://www.minhacasasolar.com.br/painel-solar-550w-monocristalino-half-cell-canadian-cs6w-550ms-82127,Datasheet Canadian HiKu6 CS6W-MS,CONFERIR_PRECO
